"ai_tool","primary_use_case","total_users","avg_productivity_gain_pct","rate_productivity","avg_hours_saved_weekly","user_level"
"Tableau AI","Data Analysis","382","84.16","0.21","9.94","Expert"
"Power BI Copilot","Learning","330","83.32","0.18","10.20","Intermediate"
"Deepgram","Automation","328","83.04","0.18","8.95","Intermediate"
"Mistral","Marketing","347","83.01","0.19","10.21","Intermediate"
"Codeium","Marketing","372","82.92","0.20","10.45","Intermediate"
"Claude","Content Writing","375","82.91","0.20","8.68","Intermediate"
"Boston Dynamics AI","Translation","349","82.61","0.19","10.80","Intermediate"
"Figma AI","Data Analysis","365","82.37","0.19","10.37","Intermediate"
"TensorFlow","Customer Support","364","82.27","0.19","9.33","Intermediate"
"Khanmigo","Learning","372","82.23","0.20","9.41","Intermediate"
"HeyGen","Data Analysis","357","82.19","0.19","9.86","Intermediate"
"Cursor AI","Research","342","82.11","0.18","9.54","Intermediate"
"IBM Watson","Data Analysis","377","81.92","0.20","9.70","Intermediate"
"Gemini","Coding","390","81.82","0.21","8.59","Expert"
"Stable Diffusion","Customer Support","415","81.66","0.22","8.94","Expert"
"Tabnine","Learning","388","81.66","0.20","9.51","Intermediate"
"DALL-E","Coding","375","81.62","0.20","8.69","Intermediate"
"Grok","Marketing","382","81.59","0.20","10.61","Intermediate"
"Gemini","Customer Support","353","81.58","0.19","8.25","Intermediate"
"Devin","Content Writing","341","81.57","0.18","9.81","Intermediate"
"DeepSeek","Learning","334","81.55","0.18","8.59","Intermediate"
"Kensho","Data Analysis","363","81.54","0.19","9.59","Intermediate"
"Grok","Translation","351","81.53","0.18","8.51","Intermediate"
"Khanmigo","Content Writing","331","81.49","0.17","9.92","Intermediate"
"IBM Watson","Marketing","376","81.48","0.20","9.78","Intermediate"
"Canva AI","Content Writing","343","81.47","0.18","8.59","Intermediate"
"Elicit","Video Creation","373","81.42","0.20","10.00","Intermediate"
"Grok","Content Writing","382","81.33","0.20","9.48","Intermediate"
"Power BI Copilot","Design","366","81.27","0.19","8.71","Intermediate"
"TensorFlow","Automation","385","81.26","0.20","8.54","Intermediate"
"Whisper","Marketing","370","81.10","0.19","8.98","Intermediate"
"TensorFlow","Translation","337","81.08","0.18","9.71","Intermediate"
"DataRobot","Translation","370","81.06","0.19","10.35","Intermediate"
"Synthesia","Automation","364","81.03","0.19","10.05","Intermediate"
"Elicit","Design","363","80.95","0.19","8.38","Intermediate"
"Hugging Face","Design","346","80.91","0.18","8.15","Intermediate"
"Duolingo Max","Customer Support","362","80.87","0.19","9.79","Intermediate"
"Grok","Video Creation","324","80.82","0.17","10.27","Intermediate"
"Duolingo Max","Research","375","80.78","0.20","8.81","Intermediate"
"Claude","Automation","371","80.76","0.19","9.29","Intermediate"
"AutoGPT","Automation","364","80.75","0.19","10.97","Intermediate"
"Khanmigo","Marketing","330","80.63","0.17","8.09","Intermediate"
"LLaMA","Automation","358","80.61","0.19","9.19","Intermediate"
"Duolingo Max","Marketing","370","80.60","0.19","8.85","Intermediate"
"Canva AI","Translation","348","80.59","0.18","10.61","Intermediate"
"Claude","Data Analysis","347","80.54","0.18","10.67","Intermediate"
"Tableau AI","Marketing","383","80.50","0.20","9.79","Intermediate"
"GPT-4","Customer Support","384","80.48","0.20","10.23","Intermediate"
"Tabnine","Video Creation","414","80.47","0.21","9.86","Expert"
"Tableau AI","Content Writing","369","80.46","0.19","10.81","Intermediate"
"AlphaFold","Learning","395","80.41","0.20","9.20","Intermediate"
"Tabnine","Content Writing","370","80.40","0.19","9.79","Intermediate"
"Claude","Design","386","80.39","0.20","9.47","Intermediate"
"Runway ML","Content Writing","377","80.39","0.20","8.95","Intermediate"
"Runway ML","Data Analysis","373","80.38","0.19","9.08","Intermediate"
"Khanmigo","Translation","364","80.37","0.19","8.89","Intermediate"
"GitHub Copilot","Design","366","80.36","0.19","9.73","Intermediate"
"Tesla Optimus","Customer Support","337","80.34","0.17","10.87","Intermediate"
"Mistral","Design","347","80.29","0.18","9.60","Intermediate"
"Mistral","Video Creation","394","80.29","0.20","10.41","Intermediate"
"Stable Diffusion","Content Writing","382","80.28","0.20","10.16","Intermediate"
"Figma AI","Coding","355","80.27","0.18","10.21","Intermediate"
"IBM Watson","Translation","387","80.26","0.20","9.79","Intermediate"
"IBM Watson","Coding","347","80.25","0.18","10.00","Intermediate"
"Microsoft Copilot","Learning","304","80.25","0.16","7.72","Beginner"
"Whisper","Content Writing","350","80.23","0.18","9.20","Intermediate"
"Jasper","Data Analysis","362","80.21","0.19","10.63","Intermediate"
"GPT-4","Design","383","80.20","0.20","9.48","Intermediate"
"Codeium","Video Creation","385","80.19","0.20","8.30","Intermediate"
"GitHub Copilot","Marketing","317","80.19","0.16","9.81","Beginner"
"Mistral","Translation","371","80.17","0.19","11.78","Intermediate"
"Copy.ai","Translation","372","80.13","0.19","10.18","Intermediate"
"Qwen","Research","392","80.11","0.20","9.17","Intermediate"
"GPT-5","Content Writing","374","80.10","0.19","8.02","Intermediate"
"Power BI Copilot","Translation","336","80.09","0.17","8.53","Intermediate"
"Tabnine","Translation","375","80.09","0.19","10.33","Intermediate"
"GrammarlyGO","Marketing","392","80.09","0.20","10.22","Intermediate"
"TensorFlow","Data Analysis","376","80.08","0.19","9.65","Intermediate"
"ElevenLabs","Learning","347","80.05","0.18","9.30","Intermediate"
"Boston Dynamics AI","Video Creation","388","79.99","0.20","10.96","Intermediate"
"Jasper","Video Creation","374","79.98","0.19","10.27","Intermediate"
"Copy.ai","Customer Support","325","79.96","0.17","9.34","Intermediate"
"AutoGPT","Learning","371","79.95","0.19","8.74","Intermediate"
"GitHub Copilot","Data Analysis","352","79.92","0.18","9.82","Intermediate"
"Gemini","Design","350","79.83","0.18","9.86","Intermediate"
"AutoGPT","Translation","361","79.82","0.19","10.91","Intermediate"
"Khanmigo","Customer Support","384","79.81","0.20","10.02","Intermediate"
"Duolingo Max","Data Analysis","357","79.81","0.18","9.07","Intermediate"
"Codeium","Automation","352","79.80","0.18","9.11","Intermediate"
"Deepgram","Marketing","388","79.78","0.20","11.18","Intermediate"
"Perplexity AI","Coding","369","79.74","0.19","8.01","Intermediate"
"Jasper","Research","369","79.73","0.19","9.36","Intermediate"
"DataRobot","Research","352","79.69","0.18","9.22","Intermediate"
"Falcon","Learning","356","79.69","0.18","9.25","Intermediate"
"DALL-E","Automation","327","79.66","0.17","9.05","Intermediate"
"Qwen","Learning","380","79.65","0.20","10.62","Intermediate"
"LangChain","Learning","375","79.63","0.19","8.81","Intermediate"
"Power BI Copilot","Coding","366","79.59","0.19","10.39","Intermediate"
"Whisper","Data Analysis","381","79.58","0.20","10.49","Intermediate"
"Notion AI","Marketing","369","79.58","0.19","8.86","Intermediate"
"BloombergGPT","Translation","377","79.56","0.19","8.84","Intermediate"
"Midjourney","Marketing","403","79.55","0.21","10.57","Expert"
"Whisper","Customer Support","351","79.55","0.18","10.22","Intermediate"
"Falcon","Coding","360","79.54","0.18","10.09","Intermediate"
"Hugging Face","Research","358","79.54","0.18","9.21","Intermediate"
"Microsoft Copilot","Marketing","378","79.52","0.19","9.95","Intermediate"
"Falcon","Customer Support","327","79.51","0.17","9.99","Intermediate"
"Gemini","Research","358","79.49","0.18","10.17","Intermediate"
"BloombergGPT","Research","375","79.49","0.19","7.13","Intermediate"
"DataRobot","Content Writing","356","79.49","0.18","8.60","Intermediate"
"GrammarlyGO","Design","355","79.46","0.18","8.22","Intermediate"
"GPT-5","Learning","356","79.44","0.18","10.29","Intermediate"
"Synthesia","Video Creation","380","79.43","0.19","9.08","Intermediate"
"IBM Watson","Customer Support","334","79.39","0.17","7.85","Intermediate"
"BloombergGPT","Content Writing","361","79.36","0.18","9.20","Intermediate"
"Microsoft Copilot","Coding","356","79.35","0.18","7.67","Intermediate"
"Kensho","Translation","324","79.33","0.17","8.19","Intermediate"
"GPT-5","Coding","373","79.33","0.19","10.50","Intermediate"
"HeyGen","Customer Support","357","79.33","0.18","8.98","Intermediate"
"DataRobot","Data Analysis","351","79.31","0.18","7.44","Intermediate"
"TensorFlow","Research","349","79.31","0.18","9.12","Intermediate"
"Tesla Optimus","Marketing","369","79.30","0.19","10.23","Intermediate"
"DataRobot","Learning","380","79.29","0.19","8.96","Intermediate"
"PyTorch","Translation","359","79.29","0.18","10.80","Intermediate"
"Jasper","Marketing","362","79.27","0.18","8.86","Intermediate"
"Khanmigo","Design","343","79.27","0.18","9.24","Intermediate"
"LLaMA","Customer Support","363","79.24","0.19","10.58","Intermediate"
"GrammarlyGO","Data Analysis","395","79.23","0.20","8.41","Intermediate"
"LLaMA","Video Creation","369","79.23","0.19","8.76","Intermediate"
"Jasper","Learning","366","79.22","0.19","9.14","Intermediate"
"DALL-E","Data Analysis","325","79.21","0.17","9.45","Intermediate"
"IBM Watson","Learning","368","79.21","0.19","11.00","Intermediate"
"Hugging Face","Customer Support","392","79.21","0.20","9.26","Intermediate"
"Grok","Design","362","79.21","0.18","9.34","Intermediate"
"TensorFlow","Video Creation","391","79.19","0.20","10.48","Intermediate"
"GitHub Copilot","Learning","357","79.17","0.18","9.69","Intermediate"
"Canva AI","Coding","382","79.17","0.19","9.48","Intermediate"
"AlphaFold","Marketing","332","79.13","0.17","10.36","Intermediate"
"Deepgram","Content Writing","365","79.11","0.19","10.37","Intermediate"
"DeepSeek","Translation","353","79.10","0.18","8.62","Intermediate"
"Falcon","Data Analysis","334","79.10","0.17","12.42","Intermediate"
"GPT-5","Data Analysis","380","79.09","0.19","10.08","Intermediate"
"LLaMA","Learning","361","79.08","0.18","10.26","Intermediate"
"HeyGen","Automation","404","79.08","0.21","9.02","Expert"
"Figma AI","Automation","357","79.05","0.18","9.07","Intermediate"
"Mistral","Coding","393","79.04","0.20","11.64","Intermediate"
"Canva AI","Learning","348","79.04","0.18","8.72","Intermediate"
"BloombergGPT","Video Creation","351","79.03","0.18","8.63","Intermediate"
"AlphaFold","Research","352","79.03","0.18","10.77","Intermediate"
"Devin","Design","357","79.01","0.18","9.31","Intermediate"
"Devin","Translation","406","79.00","0.21","9.24","Expert"
"Falcon","Design","379","78.98","0.19","9.69","Intermediate"
"Duolingo Max","Automation","381","78.97","0.19","9.89","Intermediate"
"Codeium","Research","348","78.95","0.18","7.80","Intermediate"
"Tesla Optimus","Video Creation","344","78.94","0.18","8.42","Intermediate"
"Qwen","Design","355","78.94","0.18","9.43","Intermediate"
"Khanmigo","Research","353","78.93","0.18","10.35","Intermediate"
"Synthesia","Marketing","380","78.91","0.19","10.04","Intermediate"
"Grok","Automation","353","78.91","0.18","8.48","Intermediate"
"Stable Diffusion","Coding","336","78.89","0.17","10.54","Intermediate"
"Whisper","Automation","365","78.89","0.19","11.51","Intermediate"
"Jasper","Customer Support","339","78.86","0.17","9.86","Intermediate"
"Runway ML","Research","407","78.81","0.21","9.72","Expert"
"Microsoft Copilot","Research","320","78.76","0.16","9.36","Beginner"
"Microsoft Copilot","Video Creation","353","78.75","0.18","9.32","Intermediate"
"Claude","Video Creation","371","78.75","0.19","9.54","Intermediate"
"BloombergGPT","Automation","362","78.73","0.18","8.04","Intermediate"
"Cursor AI","Translation","342","78.72","0.17","9.66","Intermediate"
"LangChain","Marketing","348","78.71","0.18","9.56","Intermediate"
"GPT-4","Translation","374","78.70","0.19","9.09","Intermediate"
"DataRobot","Design","374","78.70","0.19","10.46","Intermediate"
"Canva AI","Design","363","78.69","0.18","9.54","Intermediate"
"DeepSeek","Content Writing","351","78.69","0.18","11.19","Intermediate"
"Cohere","Research","393","78.69","0.20","9.33","Intermediate"
"Power BI Copilot","Content Writing","379","78.68","0.19","9.12","Intermediate"
"Copy.ai","Data Analysis","342","78.63","0.17","10.37","Intermediate"
"GrammarlyGO","Automation","324","78.60","0.16","10.65","Beginner"
"GPT-5","Design","370","78.60","0.19","10.10","Intermediate"
"Cursor AI","Automation","389","78.59","0.20","8.76","Intermediate"
"LLaMA","Data Analysis","374","78.55","0.19","9.48","Intermediate"
"Devin","Coding","366","78.55","0.19","9.99","Intermediate"
"Tesla Optimus","Learning","360","78.52","0.18","9.79","Intermediate"
"Codeium","Content Writing","341","78.50","0.17","9.73","Intermediate"
"DALL-E","Customer Support","349","78.49","0.18","9.23","Intermediate"
"LangChain","Video Creation","309","78.47","0.16","9.98","Beginner"
"DeepSeek","Research","364","78.41","0.18","11.53","Intermediate"
"Cursor AI","Learning","404","78.41","0.20","10.09","Intermediate"
"AlphaFold","Video Creation","369","78.40","0.19","8.80","Intermediate"
"AutoGPT","Design","345","78.37","0.17","9.10","Intermediate"
"Gemini","Translation","394","78.36","0.20","10.19","Intermediate"
"AlphaFold","Design","370","78.36","0.19","10.42","Intermediate"
"Tesla Optimus","Design","379","78.35","0.19","8.74","Intermediate"
"DeepSeek","Coding","368","78.34","0.19","10.64","Intermediate"
"Boston Dynamics AI","Marketing","409","78.34","0.21","9.75","Expert"
"DeepSeek","Marketing","419","78.33","0.21","8.09","Expert"
"HeyGen","Learning","358","78.32","0.18","8.92","Intermediate"
"Deepgram","Data Analysis","368","78.28","0.19","10.43","Intermediate"
"GPT-4","Data Analysis","370","78.28","0.19","7.91","Intermediate"
"Midjourney","Learning","363","78.28","0.18","8.36","Intermediate"
"GPT-4","Content Writing","367","78.27","0.19","9.57","Intermediate"
"Tabnine","Design","393","78.26","0.20","10.00","Intermediate"
"AutoGPT","Coding","349","78.26","0.18","11.28","Intermediate"
"IBM Watson","Design","335","78.25","0.17","9.53","Intermediate"
"Runway ML","Coding","362","78.25","0.18","9.63","Intermediate"
"Cohere","Automation","346","78.25","0.17","11.52","Intermediate"
"PyTorch","Data Analysis","365","78.21","0.18","8.54","Intermediate"
"Perplexity AI","Automation","404","78.21","0.20","9.48","Intermediate"
"LangChain","Content Writing","346","78.20","0.17","10.35","Intermediate"
"Khanmigo","Video Creation","368","78.19","0.19","9.68","Intermediate"
"Stable Diffusion","Research","347","78.18","0.17","9.52","Intermediate"
"Notion AI","Translation","343","78.16","0.17","8.75","Intermediate"
"HeyGen","Coding","359","78.16","0.18","9.34","Intermediate"
"Duolingo Max","Coding","386","78.15","0.19","10.40","Intermediate"
"PyTorch","Marketing","341","78.15","0.17","9.79","Intermediate"
"Deepgram","Research","362","78.14","0.18","10.10","Intermediate"
"Canva AI","Research","400","78.14","0.20","10.91","Intermediate"
"Tabnine","Research","369","78.13","0.19","9.72","Intermediate"
"Khanmigo","Coding","365","78.12","0.18","9.65","Intermediate"
"Falcon","Content Writing","341","78.11","0.17","8.74","Intermediate"
"Cohere","Learning","348","78.10","0.18","8.94","Intermediate"
"Whisper","Design","390","78.07","0.20","9.51","Intermediate"
"Kensho","Automation","341","78.04","0.17","8.83","Intermediate"
"GPT-5","Research","364","78.03","0.18","7.86","Intermediate"
"Elicit","Automation","362","78.03","0.18","8.86","Intermediate"
"Cohere","Marketing","378","78.03","0.19","11.52","Intermediate"
"Perplexity AI","Marketing","337","78.01","0.17","10.26","Intermediate"
"IBM Watson","Content Writing","354","78.00","0.18","8.89","Intermediate"
"Hugging Face","Data Analysis","357","77.97","0.18","9.84","Intermediate"
"Qwen","Marketing","336","77.97","0.17","10.05","Intermediate"
"Synthesia","Coding","354","77.97","0.18","10.27","Intermediate"
"Tesla Optimus","Content Writing","338","77.96","0.17","10.01","Intermediate"
"LLaMA","Marketing","358","77.95","0.18","9.49","Intermediate"
"Tableau AI","Translation","380","77.95","0.19","9.09","Intermediate"
"Figma AI","Learning","355","77.92","0.18","9.78","Intermediate"
"Hugging Face","Video Creation","362","77.92","0.18","8.86","Intermediate"
"GrammarlyGO","Research","390","77.91","0.20","9.00","Intermediate"
"Stable Diffusion","Design","381","77.89","0.19","10.39","Intermediate"
"Devin","Customer Support","359","77.89","0.18","8.10","Intermediate"
"Canva AI","Marketing","339","77.89","0.17","9.79","Intermediate"
"Elicit","Learning","368","77.89","0.18","8.19","Intermediate"
"Power BI Copilot","Data Analysis","394","77.88","0.20","10.21","Intermediate"
"PyTorch","Learning","364","77.87","0.18","9.56","Intermediate"
"Claude","Learning","386","77.87","0.19","9.43","Intermediate"
"GitHub Copilot","Video Creation","340","77.86","0.17","7.14","Intermediate"
"Microsoft Copilot","Design","345","77.85","0.17","11.37","Intermediate"
"Duolingo Max","Design","397","77.83","0.20","9.35","Intermediate"
"Deepgram","Learning","332","77.83","0.17","9.35","Intermediate"
"AutoGPT","Video Creation","378","77.82","0.19","9.45","Intermediate"
"AlphaFold","Data Analysis","363","77.81","0.18","9.24","Intermediate"
"Figma AI","Research","365","77.80","0.18","10.19","Intermediate"
"Tesla Optimus","Translation","339","77.80","0.17","8.31","Intermediate"
"PyTorch","Content Writing","348","77.79","0.17","10.00","Intermediate"
"Tesla Optimus","Research","386","77.79","0.19","11.50","Intermediate"
"LLaMA","Design","395","77.78","0.20","9.43","Intermediate"
"Tableau AI","Automation","357","77.76","0.18","8.93","Intermediate"
"AlphaFold","Customer Support","369","77.75","0.18","7.86","Intermediate"
"Jasper","Coding","376","77.74","0.19","8.52","Intermediate"
"Perplexity AI","Learning","384","77.73","0.19","10.38","Intermediate"
"Deepgram","Video Creation","375","77.73","0.19","10.72","Intermediate"
"Gemini","Learning","360","77.72","0.18","9.07","Intermediate"
"TensorFlow","Coding","367","77.71","0.18","9.42","Intermediate"
"Boston Dynamics AI","Automation","370","77.70","0.19","10.77","Intermediate"
"AutoGPT","Content Writing","357","77.69","0.18","8.89","Intermediate"
"Midjourney","Design","332","77.68","0.17","11.04","Intermediate"
"Cohere","Customer Support","381","77.68","0.19","8.10","Intermediate"
"Cohere","Content Writing","347","77.68","0.17","8.78","Intermediate"
"Mistral","Data Analysis","365","77.67","0.18","8.45","Intermediate"
"Khanmigo","Data Analysis","371","77.65","0.19","10.26","Intermediate"
"Tabnine","Customer Support","362","77.65","0.18","9.03","Intermediate"
"Jasper","Design","407","77.61","0.20","9.07","Intermediate"
"DeepSeek","Design","352","77.59","0.18","8.55","Intermediate"
"Canva AI","Customer Support","391","77.58","0.20","8.03","Intermediate"
"HeyGen","Translation","373","77.57","0.19","11.04","Intermediate"
"Qwen","Data Analysis","336","77.56","0.17","9.33","Intermediate"
"HeyGen","Video Creation","365","77.56","0.18","9.23","Intermediate"
"Perplexity AI","Customer Support","374","77.53","0.19","9.33","Intermediate"
"Elicit","Customer Support","370","77.52","0.18","9.36","Intermediate"
"Runway ML","Video Creation","362","77.52","0.18","9.45","Intermediate"
"Notion AI","Customer Support","354","77.51","0.18","9.29","Intermediate"
"Qwen","Customer Support","350","77.50","0.17","9.66","Intermediate"
"GPT-4","Video Creation","380","77.48","0.19","10.48","Intermediate"
"GPT-5","Video Creation","351","77.47","0.18","9.19","Intermediate"
"IBM Watson","Automation","387","77.47","0.19","9.52","Intermediate"
"Khanmigo","Automation","322","77.44","0.16","9.11","Beginner"
"Midjourney","Research","379","77.43","0.19","9.34","Intermediate"
"LangChain","Research","375","77.42","0.19","10.50","Intermediate"
"Mistral","Automation","390","77.42","0.19","10.75","Intermediate"
"Gemini","Content Writing","346","77.41","0.17","9.35","Intermediate"
"Tabnine","Coding","399","77.40","0.20","9.43","Intermediate"
"Elicit","Translation","360","77.39","0.18","9.20","Intermediate"
"Tableau AI","Customer Support","350","77.39","0.17","9.46","Intermediate"
"Stable Diffusion","Learning","349","77.39","0.17","8.72","Intermediate"
"Midjourney","Video Creation","370","77.38","0.18","10.47","Intermediate"
"GrammarlyGO","Learning","365","77.38","0.18","9.92","Intermediate"
"LLaMA","Translation","383","77.36","0.19","12.37","Intermediate"
"Microsoft Copilot","Content Writing","383","77.36","0.19","9.04","Intermediate"
"LangChain","Translation","402","77.36","0.20","9.71","Intermediate"
"Mistral","Research","405","77.34","0.20","9.38","Intermediate"
"Cursor AI","Customer Support","373","77.33","0.19","8.78","Intermediate"
"Notion AI","Learning","376","77.33","0.19","9.19","Intermediate"
"Kensho","Customer Support","358","77.32","0.18","10.29","Intermediate"
"Gemini","Automation","348","77.32","0.17","9.90","Intermediate"
"Qwen","Coding","336","77.31","0.17","8.81","Intermediate"
"Boston Dynamics AI","Content Writing","358","77.29","0.18","9.57","Intermediate"
"ElevenLabs","Customer Support","390","77.29","0.19","7.48","Intermediate"
"TensorFlow","Learning","345","77.28","0.17","9.55","Intermediate"
"Figma AI","Video Creation","350","77.24","0.17","8.46","Intermediate"
"Tesla Optimus","Coding","375","77.24","0.19","10.66","Intermediate"
"Falcon","Research","350","77.23","0.17","9.87","Intermediate"
"Mistral","Customer Support","394","77.23","0.20","10.59","Intermediate"
"Whisper","Research","370","77.22","0.18","10.04","Intermediate"
"Copy.ai","Content Writing","336","77.20","0.17","8.58","Intermediate"
"Hugging Face","Translation","375","77.20","0.19","9.89","Intermediate"
"Devin","Learning","349","77.19","0.17","10.12","Intermediate"
"Codeium","Coding","334","77.15","0.17","10.09","Intermediate"
"Boston Dynamics AI","Design","357","77.14","0.18","6.83","Intermediate"
"AlphaFold","Content Writing","385","77.13","0.19","10.07","Intermediate"
"GPT-5","Customer Support","357","77.13","0.18","9.51","Intermediate"
"Whisper","Learning","362","77.13","0.18","9.03","Intermediate"
"Perplexity AI","Data Analysis","384","77.12","0.19","10.36","Intermediate"
"Hugging Face","Learning","410","77.12","0.20","8.43","Intermediate"
"Tabnine","Marketing","353","77.12","0.18","9.46","Intermediate"
"GitHub Copilot","Research","400","77.11","0.20","8.95","Intermediate"
"Deepgram","Coding","361","77.10","0.18","9.97","Intermediate"
"Power BI Copilot","Research","364","77.10","0.18","8.77","Intermediate"
"Copy.ai","Coding","334","77.09","0.17","8.82","Intermediate"
"LangChain","Coding","383","77.08","0.19","9.80","Intermediate"
"Elicit","Data Analysis","359","77.08","0.18","10.73","Intermediate"
"Hugging Face","Automation","360","77.08","0.18","10.63","Intermediate"
"HeyGen","Research","356","77.07","0.18","9.30","Intermediate"
"ElevenLabs","Translation","382","77.07","0.19","9.59","Intermediate"
"Gemini","Video Creation","376","77.07","0.19","10.11","Intermediate"
"GPT-4","Research","359","77.06","0.18","11.61","Intermediate"
"Copy.ai","Design","351","77.05","0.17","10.34","Intermediate"
"Kensho","Research","400","77.03","0.20","10.53","Intermediate"
"ElevenLabs","Design","382","77.03","0.19","9.41","Intermediate"
"Notion AI","Automation","339","77.02","0.17","8.60","Intermediate"
"TensorFlow","Design","328","77.01","0.16","9.42","Beginner"
"Claude","Marketing","405","77.01","0.20","11.03","Intermediate"
"Falcon","Automation","384","77.00","0.19","8.15","Intermediate"
"DALL-E","Design","361","76.98","0.18","10.14","Intermediate"
"DeepSeek","Data Analysis","418","76.95","0.21","7.94","Expert"
"Codeium","Design","366","76.95","0.18","9.93","Intermediate"
"AutoGPT","Customer Support","376","76.94","0.19","9.01","Intermediate"
"Hugging Face","Content Writing","335","76.93","0.17","8.99","Intermediate"
"GitHub Copilot","Automation","359","76.91","0.18","9.02","Intermediate"
"HeyGen","Content Writing","357","76.90","0.18","9.68","Intermediate"
"Cursor AI","Video Creation","352","76.89","0.17","10.86","Intermediate"
"ElevenLabs","Video Creation","380","76.89","0.19","7.58","Intermediate"
"GPT-4","Marketing","344","76.89","0.17","9.93","Intermediate"
"Claude","Coding","356","76.86","0.18","10.89","Intermediate"
"HeyGen","Design","354","76.84","0.18","9.75","Intermediate"
"Notion AI","Coding","351","76.84","0.17","9.51","Intermediate"
"BloombergGPT","Design","348","76.83","0.17","10.25","Intermediate"
"Codeium","Learning","345","76.81","0.17","9.63","Intermediate"
"Synthesia","Content Writing","361","76.81","0.18","9.13","Intermediate"
"Notion AI","Video Creation","361","76.81","0.18","9.34","Intermediate"
"Claude","Research","356","76.81","0.18","9.06","Intermediate"
"PyTorch","Research","340","76.80","0.17","10.22","Intermediate"
"Perplexity AI","Video Creation","359","76.80","0.18","8.92","Intermediate"
"Copy.ai","Automation","377","76.80","0.19","11.09","Intermediate"
"GPT-4","Coding","363","76.79","0.18","10.40","Intermediate"
"Cursor AI","Content Writing","340","76.77","0.17","8.80","Intermediate"
"GitHub Copilot","Customer Support","335","76.76","0.17","7.98","Intermediate"
"DataRobot","Coding","364","76.75","0.18","8.35","Intermediate"
"Mistral","Learning","377","76.75","0.19","9.44","Intermediate"
"Stable Diffusion","Marketing","372","76.74","0.18","10.33","Intermediate"
"Kensho","Learning","358","76.73","0.18","8.59","Intermediate"
"Hugging Face","Marketing","336","76.70","0.17","8.13","Intermediate"
"Devin","Data Analysis","390","76.70","0.19","8.69","Intermediate"
"AlphaFold","Automation","367","76.68","0.18","9.49","Intermediate"
"BloombergGPT","Customer Support","351","76.67","0.17","9.65","Intermediate"
"DataRobot","Video Creation","390","76.66","0.19","8.85","Intermediate"
"Power BI Copilot","Automation","372","76.65","0.18","10.35","Intermediate"
"Runway ML","Marketing","359","76.61","0.18","8.37","Intermediate"
"ElevenLabs","Automation","370","76.61","0.18","8.99","Intermediate"
"Kensho","Coding","342","76.59","0.17","8.03","Intermediate"
"Qwen","Video Creation","412","76.59","0.20","9.61","Intermediate"
"Synthesia","Customer Support","356","76.57","0.18","8.97","Intermediate"
"Stable Diffusion","Automation","347","76.57","0.17","9.01","Intermediate"
"Grok","Customer Support","352","76.56","0.17","9.70","Intermediate"
"Qwen","Content Writing","342","76.56","0.17","9.26","Intermediate"
"Mistral","Content Writing","365","76.55","0.18","9.24","Intermediate"
"Power BI Copilot","Customer Support","348","76.54","0.17","10.35","Intermediate"
"Cohere","Data Analysis","329","76.53","0.16","8.01","Beginner"
"Cohere","Video Creation","359","76.50","0.18","8.24","Intermediate"
"DataRobot","Customer Support","388","76.46","0.19","9.89","Intermediate"
"Kensho","Video Creation","396","76.44","0.20","10.20","Intermediate"
"PyTorch","Coding","386","76.44","0.19","8.69","Intermediate"
"Duolingo Max","Learning","342","76.44","0.17","9.62","Intermediate"
"Elicit","Research","327","76.43","0.16","8.05","Beginner"
"Cohere","Design","346","76.43","0.17","10.10","Intermediate"
"GitHub Copilot","Content Writing","381","76.43","0.19","8.07","Intermediate"
"Elicit","Marketing","351","76.42","0.17","8.72","Intermediate"
"AlphaFold","Translation","369","76.35","0.18","10.47","Intermediate"
"Stable Diffusion","Translation","349","76.32","0.17","8.82","Intermediate"
"Runway ML","Design","370","76.26","0.18","9.12","Intermediate"
"Elicit","Content Writing","358","76.26","0.18","8.91","Intermediate"
"Figma AI","Content Writing","392","76.26","0.19","9.80","Intermediate"
"PyTorch","Video Creation","366","76.25","0.18","8.89","Intermediate"
"Boston Dynamics AI","Learning","354","76.24","0.17","10.15","Intermediate"
"Deepgram","Design","339","76.22","0.17","10.27","Intermediate"
"DALL-E","Marketing","352","76.20","0.17","10.10","Intermediate"
"Notion AI","Content Writing","359","76.16","0.18","9.04","Intermediate"
"GPT-4","Learning","355","76.15","0.17","8.46","Intermediate"
"Power BI Copilot","Marketing","370","76.15","0.18","8.92","Intermediate"
"Midjourney","Automation","364","76.12","0.18","9.32","Intermediate"
"TensorFlow","Content Writing","403","76.12","0.20","10.37","Intermediate"
"Copy.ai","Video Creation","379","76.12","0.19","10.21","Intermediate"
"Tableau AI","Video Creation","348","76.08","0.17","10.42","Intermediate"
"ElevenLabs","Data Analysis","336","76.08","0.16","10.43","Beginner"
"GrammarlyGO","Coding","321","76.03","0.16","9.42","Beginner"
"GrammarlyGO","Customer Support","360","76.02","0.18","8.33","Intermediate"
"LangChain","Design","346","76.01","0.17","10.26","Intermediate"
"Canva AI","Automation","382","75.99","0.19","9.67","Intermediate"
"AutoGPT","Research","361","75.99","0.18","9.27","Intermediate"
"DeepSeek","Video Creation","393","75.98","0.19","9.53","Intermediate"
"Midjourney","Coding","348","75.98","0.17","8.46","Intermediate"
"Deepgram","Customer Support","356","75.96","0.17","8.14","Intermediate"
"Falcon","Video Creation","376","75.96","0.18","8.66","Intermediate"
"Perplexity AI","Content Writing","385","75.95","0.19","8.53","Intermediate"
"AutoGPT","Marketing","366","75.95","0.18","9.61","Intermediate"
"Microsoft Copilot","Customer Support","374","75.93","0.18","10.53","Intermediate"
"Falcon","Translation","339","75.93","0.17","7.99","Intermediate"
"DALL-E","Research","352","75.93","0.17","8.10","Intermediate"
"BloombergGPT","Coding","376","75.91","0.18","9.07","Intermediate"
"Duolingo Max","Content Writing","370","75.90","0.18","8.53","Intermediate"
"GPT-5","Automation","387","75.89","0.19","8.95","Intermediate"
"Grok","Learning","400","75.89","0.20","7.64","Intermediate"
"PyTorch","Automation","382","75.87","0.19","10.04","Intermediate"
"Elicit","Coding","361","75.85","0.18","9.87","Intermediate"
"Midjourney","Customer Support","355","75.84","0.17","9.00","Intermediate"
"Gemini","Marketing","349","75.80","0.17","9.60","Intermediate"
"PyTorch","Customer Support","341","75.79","0.17","9.39","Intermediate"
"Kensho","Content Writing","297","75.79","0.15","8.59","Beginner"
"Cursor AI","Data Analysis","384","75.78","0.19","9.90","Intermediate"
"Tableau AI","Design","363","75.77","0.18","10.12","Intermediate"
"Cursor AI","Design","366","75.74","0.18","8.14","Intermediate"
"LLaMA","Coding","349","75.73","0.17","9.73","Intermediate"
"Cursor AI","Marketing","353","75.73","0.17","9.25","Intermediate"
"IBM Watson","Research","391","75.71","0.19","7.95","Intermediate"
"ElevenLabs","Coding","364","75.71","0.18","9.08","Intermediate"
"Claude","Translation","354","75.71","0.17","9.52","Intermediate"
"LLaMA","Content Writing","402","75.71","0.20","8.72","Intermediate"
"Figma AI","Marketing","358","75.70","0.17","10.00","Intermediate"
"Boston Dynamics AI","Customer Support","406","75.68","0.20","10.61","Intermediate"
"LangChain","Customer Support","402","75.68","0.20","9.42","Intermediate"
"Tesla Optimus","Data Analysis","376","75.66","0.18","9.86","Intermediate"
"GrammarlyGO","Content Writing","354","75.61","0.17","10.83","Intermediate"
"Tableau AI","Coding","384","75.59","0.19","9.96","Intermediate"
"PyTorch","Design","322","75.58","0.16","9.86","Beginner"
"Devin","Automation","325","75.54","0.16","7.97","Beginner"
"DALL-E","Learning","371","75.52","0.18","9.80","Intermediate"
"Notion AI","Design","390","75.51","0.19","9.44","Intermediate"
"Boston Dynamics AI","Data Analysis","332","75.48","0.16","9.68","Beginner"
"Kensho","Marketing","354","75.47","0.17","9.41","Intermediate"
"Deepgram","Translation","381","75.41","0.19","10.97","Intermediate"
"Perplexity AI","Design","361","75.40","0.18","7.52","Intermediate"
"Gemini","Data Analysis","339","75.39","0.16","9.59","Beginner"
"Duolingo Max","Video Creation","373","75.39","0.18","8.97","Intermediate"
"Microsoft Copilot","Automation","321","75.38","0.16","11.16","Beginner"
"DALL-E","Video Creation","369","75.37","0.18","10.33","Intermediate"
"Synthesia","Translation","356","75.33","0.17","9.11","Intermediate"
"Runway ML","Customer Support","369","75.33","0.18","9.36","Intermediate"
"Jasper","Automation","346","75.30","0.17","8.61","Intermediate"
"GrammarlyGO","Video Creation","358","75.26","0.17","9.50","Intermediate"
"GPT-5","Translation","386","75.25","0.19","8.71","Intermediate"
"Microsoft Copilot","Translation","346","75.24","0.17","8.64","Intermediate"
"Tabnine","Data Analysis","353","75.20","0.17","9.92","Intermediate"
"Devin","Research","350","75.19","0.17","10.19","Intermediate"
"Tesla Optimus","Automation","396","75.17","0.19","9.80","Intermediate"
"LangChain","Data Analysis","349","75.14","0.17","12.40","Intermediate"
"Notion AI","Data Analysis","340","75.11","0.16","10.26","Beginner"
"Whisper","Video Creation","345","75.10","0.17","10.53","Intermediate"
"Synthesia","Design","395","75.03","0.19","10.24","Intermediate"
"Synthesia","Data Analysis","372","75.03","0.18","8.87","Intermediate"
"Runway ML","Translation","385","75.00","0.19","10.75","Intermediate"
"DataRobot","Automation","364","74.99","0.18","9.94","Intermediate"
"LangChain","Automation","379","74.98","0.18","9.44","Intermediate"
"GPT-5","Marketing","394","74.96","0.19","8.60","Intermediate"
"Figma AI","Translation","376","74.95","0.18","8.84","Intermediate"
"DeepSeek","Customer Support","388","74.93","0.19","10.06","Intermediate"
"Boston Dynamics AI","Coding","361","74.93","0.17","7.80","Intermediate"
"Midjourney","Content Writing","336","74.92","0.16","10.59","Beginner"
"IBM Watson","Video Creation","341","74.92","0.16","10.57","Beginner"
"AutoGPT","Data Analysis","361","74.91","0.17","9.69","Intermediate"
"Falcon","Marketing","391","74.87","0.19","9.58","Intermediate"
"Codeium","Data Analysis","361","74.86","0.17","8.52","Intermediate"
"ElevenLabs","Content Writing","388","74.86","0.19","9.33","Intermediate"
"Tabnine","Automation","368","74.84","0.18","8.40","Intermediate"
"BloombergGPT","Learning","351","74.80","0.17","10.50","Intermediate"
"BloombergGPT","Marketing","384","74.79","0.19","9.24","Intermediate"
"DALL-E","Content Writing","317","74.79","0.15","10.85","Beginner"
"Kensho","Design","340","74.78","0.16","9.15","Beginner"
"Runway ML","Learning","375","74.75","0.18","10.21","Intermediate"
"TensorFlow","Marketing","367","74.73","0.18","7.99","Intermediate"
"Qwen","Automation","354","74.71","0.17","10.65","Intermediate"
"Codeium","Translation","391","74.67","0.19","6.54","Intermediate"
"Synthesia","Research","375","74.66","0.18","7.74","Intermediate"
"Boston Dynamics AI","Research","376","74.66","0.18","8.24","Intermediate"
"Power BI Copilot","Video Creation","356","74.66","0.17","8.11","Intermediate"
"Canva AI","Data Analysis","353","74.60","0.17","10.08","Intermediate"
"Hugging Face","Coding","374","74.60","0.18","9.05","Intermediate"
"Canva AI","Video Creation","378","74.60","0.18","10.53","Intermediate"
"GitHub Copilot","Translation","395","74.59","0.19","9.33","Intermediate"
"Figma AI","Customer Support","371","74.59","0.18","10.19","Intermediate"
"Synthesia","Learning","366","74.57","0.18","8.96","Intermediate"
"Notion AI","Research","322","74.56","0.15","9.50","Beginner"
"DeepSeek","Automation","371","74.49","0.18","7.70","Intermediate"
"Perplexity AI","Research","375","74.48","0.18","8.78","Intermediate"
"Claude","Customer Support","372","74.42","0.18","8.52","Intermediate"
"BloombergGPT","Data Analysis","365","74.33","0.17","10.32","Intermediate"
"ElevenLabs","Marketing","360","74.32","0.17","9.09","Intermediate"
"Jasper","Translation","347","74.29","0.17","10.00","Intermediate"
"Whisper","Translation","343","74.29","0.16","8.78","Beginner"
"Tableau AI","Research","362","74.20","0.17","10.52","Intermediate"
"LLaMA","Research","350","74.19","0.17","10.67","Intermediate"
"Midjourney","Data Analysis","385","74.19","0.18","9.42","Intermediate"
"Cohere","Coding","335","74.18","0.16","11.11","Beginner"
"Copy.ai","Research","356","74.18","0.17","9.01","Intermediate"
"HeyGen","Marketing","366","74.17","0.17","9.27","Intermediate"
"Midjourney","Translation","357","74.10","0.17","10.85","Intermediate"
"Devin","Video Creation","334","73.93","0.16","8.10","Beginner"
"Tableau AI","Learning","322","73.91","0.15","9.98","Beginner"
"ElevenLabs","Research","353","73.90","0.17","8.76","Intermediate"
"Stable Diffusion","Data Analysis","344","73.60","0.16","9.78","Beginner"
"Grok","Data Analysis","354","73.60","0.17","10.60","Intermediate"
"Grok","Coding","380","73.56","0.18","9.72","Intermediate"
"Runway ML","Automation","380","73.49","0.18","9.54","Intermediate"
"GPT-4","Automation","373","73.44","0.18","8.93","Intermediate"
"Perplexity AI","Translation","382","73.32","0.18","9.87","Intermediate"
"Copy.ai","Learning","406","73.30","0.19","10.73","Intermediate"
"Microsoft Copilot","Data Analysis","340","73.24","0.16","8.76","Beginner"
"Codeium","Customer Support","346","73.13","0.16","7.95","Beginner"
"GrammarlyGO","Translation","415","73.06","0.20","9.58","Intermediate"
"Cohere","Translation","352","73.05","0.17","9.47","Intermediate"
"Duolingo Max","Translation","362","72.92","0.17","9.95","Intermediate"
"Qwen","Translation","347","72.92","0.16","8.93","Beginner"
"Grok","Research","385","72.84","0.18","9.97","Intermediate"
"Cursor AI","Coding","384","72.82","0.18","9.09","Intermediate"
"GitHub Copilot","Coding","369","72.77","0.17","10.04","Intermediate"
"Jasper","Content Writing","359","72.61","0.17","10.32","Intermediate"
"Figma AI","Design","380","72.45","0.18","9.81","Intermediate"
"DALL-E","Translation","340","72.25","0.16","8.83","Beginner"
"DataRobot","Marketing","353","71.84","0.16","8.82","Beginner"
"Whisper","Coding","343","71.49","0.16","9.14","Beginner"
"Copy.ai","Marketing","331","71.33","0.15","9.87","Beginner"
"AlphaFold","Coding","365","70.64","0.17","11.03","Intermediate"
"Stable Diffusion","Video Creation","364","70.28","0.16","9.01","Beginner"
"Devin","Marketing","351","69.75","0.16","8.81","Beginner"
